id,name,email,password
,benji,benji@gmail.com,
1737300147609,benji,benji@benji,$2b$10$GPPKaLF1QSOQTrPX5FM23ujWiBUlBZar4mbjwaf01TzBtcSOYt1CC
1737300952440,benji,benji@benji.com,$2b$10$XmKfkHOTR3DdOzml7DQ9muzruktqpzGi0sCzHP8OMjc6pU7qeNK.O
1737301270540,benji,benji@benji.benji,$2b$10$gNtZ2YPOz6v7kJE4an3H2.KQKR472O4iDjfZ0y9EJk/xQlB4xA.bO
,benji,benji@gmail.com,
1737300147609,benji,benji@benji,$2b$10$GPPKaLF1QSOQTrPX5FM23ujWiBUlBZar4mbjwaf01TzBtcSOYt1CC
1737300952440,benji,benji@benji.com,$2b$10$XmKfkHOTR3DdOzml7DQ9muzruktqpzGi0sCzHP8OMjc6pU7qeNK.O
1737301270540,benji,benji@benji.benji,$2b$10$gNtZ2YPOz6v7kJE4an3H2.KQKR472O4iDjfZ0y9EJk/xQlB4xA.bO
1737301639952,tame,tamedraing60@gamil.com,$2b$10$/oJROr7GW1U.xT3dprCP/eGBUpFnzbO/kFpcpSi6H9hb8tCVQ3vUa
,benji,benji@gmail.com,
1737300147609,benji,benji@benji,$2b$10$GPPKaLF1QSOQTrPX5FM23ujWiBUlBZar4mbjwaf01TzBtcSOYt1CC
1737300952440,benji,benji@benji.com,$2b$10$XmKfkHOTR3DdOzml7DQ9muzruktqpzGi0sCzHP8OMjc6pU7qeNK.O
1737301270540,benji,benji@benji.benji,$2b$10$gNtZ2YPOz6v7kJE4an3H2.KQKR472O4iDjfZ0y9EJk/xQlB4xA.bO
,benji,benji@gmail.com,
1737300147609,benji,benji@benji,$2b$10$GPPKaLF1QSOQTrPX5FM23ujWiBUlBZar4mbjwaf01TzBtcSOYt1CC
1737300952440,benji,benji@benji.com,$2b$10$XmKfkHOTR3DdOzml7DQ9muzruktqpzGi0sCzHP8OMjc6pU7qeNK.O
1737301270540,benji,benji@benji.benji,$2b$10$gNtZ2YPOz6v7kJE4an3H2.KQKR472O4iDjfZ0y9EJk/xQlB4xA.bO
1737301639952,tamirat,tamedraing60@gamil.com,$2b$10$/oJROr7GW1U.xT3dprCP/eGBUpFnzbO/kFpcpSi6H9hb8tCVQ3vUa
,benji,benji@gmail.com,
1737300147609,benji,benji@benji,$2b$10$GPPKaLF1QSOQTrPX5FM23ujWiBUlBZar4mbjwaf01TzBtcSOYt1CC
1737300952440,benji,benji@benji.com,$2b$10$XmKfkHOTR3DdOzml7DQ9muzruktqpzGi0sCzHP8OMjc6pU7qeNK.O
1737301270540,benji,benji@benji.benji,$2b$10$gNtZ2YPOz6v7kJE4an3H2.KQKR472O4iDjfZ0y9EJk/xQlB4xA.bO
,benji,benji@gmail.com,
1737300147609,benji,benji@benji,$2b$10$GPPKaLF1QSOQTrPX5FM23ujWiBUlBZar4mbjwaf01TzBtcSOYt1CC
1737300952440,benji,benji@benji.com,$2b$10$XmKfkHOTR3DdOzml7DQ9muzruktqpzGi0sCzHP8OMjc6pU7qeNK.O
1737301270540,benji,benji@benji.benji,$2b$10$gNtZ2YPOz6v7kJE4an3H2.KQKR472O4iDjfZ0y9EJk/xQlB4xA.bO
1737301639952,tame,tamedraing60@gamil.com,$2b$10$/oJROr7GW1U.xT3dprCP/eGBUpFnzbO/kFpcpSi6H9hb8tCVQ3vUa
,benji,benji@gmail.com,
1737300147609,benji,benji@benji,$2b$10$GPPKaLF1QSOQTrPX5FM23ujWiBUlBZar4mbjwaf01TzBtcSOYt1CC
1737300952440,benji,benji@benji.com,$2b$10$XmKfkHOTR3DdOzml7DQ9muzruktqpzGi0sCzHP8OMjc6pU7qeNK.O
1737301270540,benji,benji@benji.benji,$2b$10$gNtZ2YPOz6v7kJE4an3H2.KQKR472O4iDjfZ0y9EJk/xQlB4xA.bO
,benji,benji@gmail.com,
1737300147609,benji,benji@benji,$2b$10$GPPKaLF1QSOQTrPX5FM23ujWiBUlBZar4mbjwaf01TzBtcSOYt1CC
1737300952440,benji,benji@benji.com,$2b$10$XmKfkHOTR3DdOzml7DQ9muzruktqpzGi0sCzHP8OMjc6pU7qeNK.O
1737301270540,benji,benji@benji.benji,$2b$10$gNtZ2YPOz6v7kJE4an3H2.KQKR472O4iDjfZ0y9EJk/xQlB4xA.bO
1737301639952,tamirat,tamedraing60@gamil.com,$2b$10$/oJROr7GW1U.xT3dprCP/eGBUpFnzbO/kFpcpSi6H9hb8tCVQ3vUa
1737302071898,benji,benji@benji.htghjg,$2b$10$cnaZL45NdVENlLfwfxMc4OShArZ2HPvXhoqvYJjJrcllv58qyzVwu
1737389210278,beniam,databeniam@gmail.com,$2b$10$N8e.E8oYTOEdswJXcSh6wO0Id8WCNpzME0GAxccA5AWED5gLh/JVe
1737402505941,j,sdfsd@sdfsd,$2b$10$4gmnTWtGX9uyfy4bO39HbuMT6jvgb9rKswTPQRL2HBVH8fqygQNtK
,benji,benji@gmail.com,
1737300147609,benji,benji@benji,$2b$10$GPPKaLF1QSOQTrPX5FM23ujWiBUlBZar4mbjwaf01TzBtcSOYt1CC
1737300952440,benji,benji@benji.com,$2b$10$XmKfkHOTR3DdOzml7DQ9muzruktqpzGi0sCzHP8OMjc6pU7qeNK.O
1737301270540,benji,benji@benji.benji,$2b$10$gNtZ2YPOz6v7kJE4an3H2.KQKR472O4iDjfZ0y9EJk/xQlB4xA.bO
,benji,benji@gmail.com,
1737300147609,benji,benji@benji,$2b$10$GPPKaLF1QSOQTrPX5FM23ujWiBUlBZar4mbjwaf01TzBtcSOYt1CC
1737300952440,benji,benji@benji.com,$2b$10$XmKfkHOTR3DdOzml7DQ9muzruktqpzGi0sCzHP8OMjc6pU7qeNK.O
1737301270540,benji,benji@benji.benji,$2b$10$gNtZ2YPOz6v7kJE4an3H2.KQKR472O4iDjfZ0y9EJk/xQlB4xA.bO
1737301639952,tame,tamedraing60@gamil.com,$2b$10$/oJROr7GW1U.xT3dprCP/eGBUpFnzbO/kFpcpSi6H9hb8tCVQ3vUa
,benji,benji@gmail.com,
1737300147609,benji,benji@benji,$2b$10$GPPKaLF1QSOQTrPX5FM23ujWiBUlBZar4mbjwaf01TzBtcSOYt1CC
1737300952440,benji,benji@benji.com,$2b$10$XmKfkHOTR3DdOzml7DQ9muzruktqpzGi0sCzHP8OMjc6pU7qeNK.O
1737301270540,benji,benji@benji.benji,$2b$10$gNtZ2YPOz6v7kJE4an3H2.KQKR472O4iDjfZ0y9EJk/xQlB4xA.bO
,benji,benji@gmail.com,
1737300147609,benji,benji@benji,$2b$10$GPPKaLF1QSOQTrPX5FM23ujWiBUlBZar4mbjwaf01TzBtcSOYt1CC
1737300952440,benji,benji@benji.com,$2b$10$XmKfkHOTR3DdOzml7DQ9muzruktqpzGi0sCzHP8OMjc6pU7qeNK.O
1737301270540,benji,benji@benji.benji,$2b$10$gNtZ2YPOz6v7kJE4an3H2.KQKR472O4iDjfZ0y9EJk/xQlB4xA.bO
1737301639952,tamirat,tamedraing60@gamil.com,$2b$10$/oJROr7GW1U.xT3dprCP/eGBUpFnzbO/kFpcpSi6H9hb8tCVQ3vUa
,benji,benji@gmail.com,
1737300147609,benji,benji@benji,$2b$10$GPPKaLF1QSOQTrPX5FM23ujWiBUlBZar4mbjwaf01TzBtcSOYt1CC
1737300952440,benji,benji@benji.com,$2b$10$XmKfkHOTR3DdOzml7DQ9muzruktqpzGi0sCzHP8OMjc6pU7qeNK.O
1737301270540,benji,benji@benji.benji,$2b$10$gNtZ2YPOz6v7kJE4an3H2.KQKR472O4iDjfZ0y9EJk/xQlB4xA.bO
,benji,benji@gmail.com,
1737300147609,benji,benji@benji,$2b$10$GPPKaLF1QSOQTrPX5FM23ujWiBUlBZar4mbjwaf01TzBtcSOYt1CC
1737300952440,benji,benji@benji.com,$2b$10$XmKfkHOTR3DdOzml7DQ9muzruktqpzGi0sCzHP8OMjc6pU7qeNK.O
1737301270540,benji,benji@benji.benji,$2b$10$gNtZ2YPOz6v7kJE4an3H2.KQKR472O4iDjfZ0y9EJk/xQlB4xA.bO
1737301639952,tame,tamedraing60@gamil.com,$2b$10$/oJROr7GW1U.xT3dprCP/eGBUpFnzbO/kFpcpSi6H9hb8tCVQ3vUa
,benji,benji@gmail.com,
1737300147609,benji,benji@benji,$2b$10$GPPKaLF1QSOQTrPX5FM23ujWiBUlBZar4mbjwaf01TzBtcSOYt1CC
1737300952440,benji,benji@benji.com,$2b$10$XmKfkHOTR3DdOzml7DQ9muzruktqpzGi0sCzHP8OMjc6pU7qeNK.O
1737301270540,benji,benji@benji.benji,$2b$10$gNtZ2YPOz6v7kJE4an3H2.KQKR472O4iDjfZ0y9EJk/xQlB4xA.bO
,benji,benji@gmail.com,
1737300147609,benji,benji@benji,$2b$10$GPPKaLF1QSOQTrPX5FM23ujWiBUlBZar4mbjwaf01TzBtcSOYt1CC
1737300952440,benji,benji@benji.com,$2b$10$XmKfkHOTR3DdOzml7DQ9muzruktqpzGi0sCzHP8OMjc6pU7qeNK.O
1737301270540,benji,benji@benji.benji,$2b$10$gNtZ2YPOz6v7kJE4an3H2.KQKR472O4iDjfZ0y9EJk/xQlB4xA.bO
1737301639952,tamirat,tamedraing60@gamil.com,$2b$10$/oJROr7GW1U.xT3dprCP/eGBUpFnzbO/kFpcpSi6H9hb8tCVQ3vUa
1737302071898,benji,benji@benji.htghjg,$2b$10$cnaZL45NdVENlLfwfxMc4OShArZ2HPvXhoqvYJjJrcllv58qyzVwu
1737389210278,beniam,databeniam@gmail.com,$2b$10$N8e.E8oYTOEdswJXcSh6wO0Id8WCNpzME0GAxccA5AWED5gLh/JVe
1737402505941,j,sdfsd@sdfsd,$2b$10$4gmnTWtGX9uyfy4bO39HbuMT6jvgb9rKswTPQRL2HBVH8fqygQNtK
1737402965494,kk,sdfsd@sdfsd99,$2b$10$zb5jYxDvEnL0ib57CQ/7i.7HKf5bV8/qXBEf0gk7BGWGXM6ckXz/O
1737403068823,kk,sdfsd@sdfsdjj,$2b$10$CsVOgMuzp/xfgaqztBink.BDRXzftunFLFtF.pAOGJVJZyJSB6gEq
1737404819062,kjkjk,sdfsd@sdfsdjjvvv,$2b$10$tbuQFJoLFGQUlhPeBqoaCO9kaIg.w8rp/lm5WE9tONkmbFJDIUwWi
1738581349739,tmae,tkk@gmail.com,$2b$10$H8k2IxATfF5P6wqwhvJ6u.cGHPQqbvurz48imdLmktLCRwtbBRAye
1738617855778,mamutjjj,tkknj@gmail.com,$2b$10$2jrXoHniP2f7aFuN8XPyqemZ14A.sFhmn5YrLfaoxHkVydqtZLDk6
1738699318508,tamew,tkkhhnddj@gmail.com,$2b$10$FszSWMjrtDRM0CVNnrWtee0TGQq.Ctb81xfn4.c3it09RLxxDHuW.
1738794096742,Tamirat teferi,tamedrawing603@gmail.com,$2b$10$ylpgu19hkq5IwGbk8DAxeu/Afk3xklOOGrWxXXemDQ3h2IkJ9COcO
1740320646651,vkajgafa;lkf;lsa,dfkjdajf@gmailcom,$2b$10$pAGhtWerhsLQmg530OMfI.sREy7xmv.5EIWP3TSKX6ErJYLVOh4Py
